starttime_VCO2_6262_1,area_VCO2_6262_1
09:17:09,.0653429
09:18:59,.9485484
09:20:27,.9111705
09:21:52,.9658391
09:23:13,1.461021E-02
09:24:22,5.787301E-02
09:25:43,1.028059E-02
09:17:09,2.490308
09:18:59,1.468213
09:20:27,2.217428
09:21:52,.6277459
09:23:13,.4911273
09:24:22,.4935646
09:25:43,.2375444
