starttime_VCO2_6262_1,area_VCO2_6262_1
10:13:34,.1004449
10:15:04,.9210974
10:16:27,8.262596E-02
10:17:57,.1049681
10:19:25,1.100374
10:21:09,1.187208E-02
10:22:29,.0111275
10:23:32,-6.020602E-04
10:13:34,1.475182
10:15:04,.1301555
10:16:27,1.411052
10:17:57,2.03691
10:19:25,1.740264
10:21:09,.2701599
10:22:29,2.955912E-02
10:23:32,2.336962E-02
