starttime_VCO2_6262_1,area_VCO2_6262_1
10:44:39,.146217
10:45:41,1.043665
10:46:57,7.391973E-02
10:48:01,9.068293E-03
10:48:55,3.672233E-02
10:44:39,1.064077E-03
10:45:41,8.865658E-04
10:46:57,-8.725331E-04
10:48:01,-8.59307E-04
10:48:55,-1.003296E-03
