starttime_VCO2_6262_1,area_VCO2_6262_1
09:30:08,7.440709E-02
09:31:25,.1066591
09:33:04,.1868403
09:34:18,.5991012
09:35:38,3.838114E-02
09:37:05,5.279851E-02
09:38:41,2.800767E-02
09:39:57,.2016426
09:30:08,-7.315139E-02
09:31:25,.6840637
09:33:04,-5.487163E-02
09:34:18,3.065793E-02
09:35:38,7.954124E-02
09:37:05,.5996779
09:38:41,-2.942023E-03
09:39:57,.1270005
