starttime_VCO2_6262_1,area_VCO2_6262_1
09:29:11,.1079282
09:30:46,.7458575
09:32:17,9.818926E-02
09:33:48,.0937975
09:35:05,9.538544E-03
09:36:05,6.729095E-03
09:29:11,.177917
09:30:46,.1097233
09:32:17,.2581944
09:33:48,.1205989
09:35:05,1.493903E-02
09:36:05,1.251359E-02
