starttime_VCO2_6262_1,area_VCO2_6262_1
10:22:04,.1292427
10:24:14,.9301725
10:25:52,6.215645E-02
10:27:49,.2845333
10:29:46,1.123883
10:31:40,1.259853E-02
10:33:12,1.180086E-02
10:34:42,1.431403E-03
10:22:04,1.484367
10:24:14,.1242473
10:25:52,1.462495
10:27:49,1.930266
10:29:46,1.761841
10:31:40,.1846748
10:33:12,1.390138E-02
10:34:42,1.148768E-02
