starttime_VCO2_6262_1,area_VCO2_6262_1
10:19:19,.0638925
10:20:31,7.308627E-02
10:21:49,.0923292
10:22:57,.8565629
10:24:20,8.337629E-02
10:25:33,9.938665E-02
10:26:40,1.057444
10:28:10,1.090832E-03
10:29:14,6.711889E-04
10:19:19,7.259853E-02
10:20:31,.1129783
10:21:49,6.750176E-02
10:22:57,.1097737
10:24:20,.1123388
10:25:33,.1525039
10:26:40,2.176139E-02
10:28:10,1.587046E-02
10:29:14,.1860628
