starttime_VCO2_6262_1,area_VCO2_6262_1
10:47:26,9.571936E-02
10:48:31,7.107592E-02
10:49:50,.10864
10:51:15,1.303189E-02
10:52:23,.9618008
10:53:48,.2875504
10:55:03,1.260827E-02
10:56:15,.6867489
10:57:43,7.431806E-02
11:00:03,8.270462E-02
11:01:35,1.268646E-03
10:47:26,6.812922E-02
10:48:31,.6410758
10:49:50,.7436156
10:51:15,.1017155
10:52:23,.1464355
10:53:48,.1259062
10:55:03,.122758
10:56:15,.1744151
10:57:43,.1184902
11:00:03,.6941437
11:01:35,.1794719
