starttime_VCO2_6262_1,area_VCO2_6262_1
11:03:04,4.952581E-02
11:04:46,9.080127E-02
11:06:05,.5703694
11:08:17,8.432546E-02
11:09:38,9.234376E-02
11:11:01,8.353104E-02
11:03:04,.8270253
11:04:46,.1041727
11:06:05,.7717041
11:08:17,3.968581E-02
11:09:38,.1223848
11:11:01,.9152294
